"","V1","V2","V3","V4","V5","V6","V7","V8","V9","V10","V11","V12","V13","V14","V15","V16","V17","V18","V19","V20","V21","V22","V23","V24","V25","V26","V27","V28","V29","V30","V31","V32","V33","V34","V35","V36","V37","V38","V39","V40","V41","V42","V43","V44","V45","V46","V47","V48","V49","V50","V51","V52","V53","V54","V55","V56","V57","V58","V59","V60","V61","V62","V63","V64","V65","V66","V67","V68","V69","V70","V71","V72","V73","V74","V75","V76","V77","V78","V79"
"1",22,23.2,24.4,26.7,25.2,22,21.7,26.5,20,20.2,26.7,24.9,19.3,23.6,24.6,18.9,26.7,30.2,24.8,26,25,28,21.2,24,25.7,17.4,27.4,23.3,28.4,38,19.5,28.5,23.7,27.6,23.4,26.2,19.1,31,27,16.3,16.2,21.8,43,24.5,25.5,28.4,32.1,18.8,29.6,19.4,15.3,29.5,45.3,20.4,21,23.9,32.9,28.7,23,26.1,36.3,30.4,32,32.5,20.5,18,35,25.1,22.7,49.1,26,17.5,19.8,18.9,33.1,26.4,29.6,23.2,23.7
"2",27.2,29.2,42.7,42.8,25.2,53,27.3,26.8,21.1,22.5,41.4,27.5,24.2,42.2,29.7,24.8,28.6,44.8,22.1,25.6,27.5,35.5,41.8,24.6,25.9,34.6,38.1,35.2,30.3,35.2,22.7,24.2,25.9,24.6,27.1,34,28.4,36.4,33.5,27.5,28.2,26.1,46.5,41.8,34.6,41.7,31,26.3,28,26,31.4,32.5,58.9,23.5,32.3,33.5,34.5,31.4,47,56.1,40.4,27.8,31.6,51.1,26.8,30.9,68,24.8,26.5,36.9,37.6,39.4,27,37.3,27.5,24.5,30.9,25.7,27
"3",25.7,35.3,28.4,35.7,21.8,43.5,29.3,40.7,25.5,21.3,35.4,16.9,26.2,34.3,16.1,21.2,29.1,42.7,26.8,28.6,22.7,30.8,38.2,26.2,46,15.8,31,57.4,26.6,39,18.4,28.6,30.7,47.5,34.6,21,30.7,51.4,41,18.9,31.8,22.8,46.8,40.8,51.5,33.4,31.3,20.8,49.6,16.5,14.4,33.7,46.7,23,33.2,25.2,42.3,37,36.9,33,36.1,25.2,38.1,40.6,23.2,27.4,39,36.2,28.7,24.1,39,30.5,16.7,14.2,25.8,26.5,39.4,33.3,21.2
"4",28.1,67.2,60.6,75.8,38.1,52.3,70,68.5,30.8,51.2,61.5,30,43.8,44.8,28.4,36.8,52,86.2,52.9,45.7,45.3,72,61.8,63.5,40.8,32.9,68.3,49.5,53.5,62.5,56,46.8,44.2,31.9,49.5,68,40.3,47.5,32.1,38.1,34.6,44.4,59.2,50.1,48.7,61,41.1,31,57.3,37.7,27.4,63.3,84.2,29.8,32.6,28.4,58.1,44.6,69.5,60.5,61.9,39.5,74.5,59,43.1,48.7,65,52.4,43.5,51.5,72.8,40.7,47.6,34.4,50,54.7,47,56,44.5
"5",39.4,33.5,35.3,30.1,37,46,29.5,41.2,41.1,32.6,32.2,31.7,35.3,46.8,39.4,36.5,52.5,54.2,36.7,41.1,45.9,31.8,36.7,37.8,33.3,44.6,36.3,41.6,32,59.5,32,38.5,40.8,47.1,36.5,34.2,43.2,52.1,40.5,44.8,41.4,37.1,55.1,37.1,45.1,48.1,33.2,40,47.8,37.5,37.1,53.3,62.6,33.8,32.3,21.5,36.5,39.2,25.3,48.5,48.5,35.6,32.4,43.8,30.5,35.1,52,36.2,37.5,59.7,34.4,30.8,33,38.5,53,32,45.2,45.4,30.5
"6",23.6,24.5,42,28.3,14.4,38,29.8,34,19.5,17.5,36.8,15,30.1,43.6,13.7,29.8,56.3,54.9,22.4,43.8,18.1,27.2,58.4,23.1,35.5,19.2,40,35.9,23.5,75,15.2,23,22.7,31.8,46.9,24.7,17,43.2,28.3,18.3,27.5,16.4,75.5,31.7,34.4,49.8,21.6,55.6,51.7,13.8,17.1,50.4,42.3,22.2,24,63.8,55.6,35.7,33.4,46.6,53,19.6,26,51.4,32,18.4,45,31.4,26.7,56.9,28.4,41.3,17.8,19.1,52.6,19.5,36.5,23.3,20.4
"7",19.1,19.5,43.4,19.2,15.8,43.1,17.8,29.8,23.5,26.8,22.5,31.5,18.1,30.8,30.4,14.8,36.7,52.5,24.4,36.8,16.4,24.5,35.1,22,22.5,23.8,35.4,33.6,16,56.5,15.3,17.9,22.8,23.2,31.6,24.1,29.5,21.4,22.6,24.6,27.4,22.4,48.7,16.5,24.5,59.7,16.2,26.8,39,30.1,22.2,29.6,56.6,25.2,19,21.6,36.1,33.5,30.5,41.2,51.1,106,19.4,32.8,20.4,21.3,40,23.6,22.8,68.9,16.7,31.2,17,23.4,35.2,19.7,21,24.2,17.9
"8",17.5,25.5,20.5,22.5,17.6,23.5,27.5,45,22.6,17.5,26.5,33.5,29.5,28.2,33.2,26.5,43.1,35.1,35.4,51.6,35.8,22.7,24.6,32.6,37.9,30,30,44.1,16.8,54,23.2,29.5,38.2,31.7,46.4,21.6,27,34.1,29.7,20.2,38.3,17.4,30.2,23.2,38.7,46.8,23.1,23.4,41.9,25.5,27.5,44,36.7,20.1,26.3,22.1,43,41.4,41.7,42.7,33.9,25.5,20.1,52.4,17.5,24.5,24,32.2,32.9,34.5,20,19.6,21.7,34.1,23.6,28.1,37.2,31.2,21.4
"9",21.2,21.5,25.8,17,27.8,34.2,16.5,19.6,24.6,36.1,22.8,32.2,28.3,23.5,37.6,21,18.8,55.9,18.2,26.4,29.5,28.2,22.9,24.3,20.5,33.9,20.8,17.4,21.9,42.3,35,28,20.5,15.8,18.2,43.6,33.8,16.4,16.3,37.8,22.5,27.7,35.5,27.1,17.1,29.3,26.2,25.7,34.8,33,29.9,35.9,45.7,19.2,14.3,22.2,21.7,19.7,18.8,37.3,49.7,20.9,18.5,21.4,32.6,26.2,37.5,19.1,22.2,38.2,19.2,23.6,38.8,39.7,36.1,25.2,20.5,19.4,26.9
"10",34.4,24.8,24.9,17.3,30.7,20.2,16.3,38.2,34.3,24.3,21.1,26.3,29,20.5,29.4,33.5,29,36.1,33.4,25.1,32.3,35.1,24.1,33.5,29.8,27.7,24.3,25.5,26.1,38,35.2,30.8,34.5,31.2,26.3,25.4,26.1,32.8,22.4,27.8,45,30.5,36.6,36.2,29.4,37.5,25.7,23.8,29.4,24,18.1,27.1,41.1,28.1,32.2,25.3,30.2,34.4,18.8,25.4,44.5,23,21,22.3,26.3,32.1,23.5,34.3,43.3,42.1,24.9,18.9,33,26.3,24.8,41.6,26,41.6,39
"11",35.6,25.9,23.3,30,16.4,29.4,32.8,38.5,35.3,27,32.5,17.6,15.4,35.6,16.8,23,34,55.6,27,30,18.5,35.6,34.2,25.9,39.4,23.8,33,48.5,20.8,35.4,14.2,20.1,34,27.6,36.7,23,19.5,39.8,32.3,21.8,41.3,19.1,23,18.1,32.6,36,19.6,20.8,33.3,33,19.6,33.7,37,31.5,37.8,19.3,38.4,42,36.5,39,28,18.9,30,34.6,19,28.3,35.5,36.8,32.4,31.8,25.8,23.7,13.1,21.1,32,30,39.7,38.3,21.5
"12",29.1,17.6,24,16.1,22.3,25.5,16.5,29.9,30.5,21.8,22.3,17,21.3,31,16.4,17.6,26,50,19.4,35.3,18,21.3,23,19.6,36.1,20.7,24.3,35.3,13.5,42,20.4,17.1,28.2,26.1,34.7,30.5,19.8,29.2,23,19,33.2,18.2,40.6,20.5,26.7,39.9,18.4,19,41.2,18.6,18.1,32.8,48,20.7,29,21.2,31,31,23.7,30.1,42.9,16.2,14.9,32.1,21.8,22.3,35.5,24.1,20.1,43,17,25.6,20.5,20.3,45.6,18.1,32.1,22.7,16.1
"13",14.6,16.2,19.2,13.6,14.7,16.6,12.9,21.9,28.4,20.5,17.9,15.6,15.1,18.1,17.8,16,21.3,34.9,21.7,20.2,16.1,14.4,14.6,16.7,17.2,16,15,17.4,17,33.2,13.5,19.7,15.2,22.4,21.2,28.5,13.8,21.5,20.4,14.5,23.8,16.4,26.6,17.2,17.5,27.8,20.1,17.9,29,12.5,13.6,22.5,44.4,18.4,21.4,17.8,20,22.3,16.3,19.5,25.4,16.3,15.8,20.2,23.8,24.9,21,12.3,19.7,32,16.8,18.6,15.9,12.4,19.8,20.7,16,22.6,11.4
"14",17.1,13,21.3,22.3,16.8,25.2,28,24.1,26.8,13.1,25.5,14.6,10.7,22.9,14.5,13.1,35.2,29,15.7,24.2,21.9,23.2,19.3,15.6,29.4,18,28.7,31.3,16.8,25.5,13.2,13.4,19.1,25.7,29.1,17.7,12.4,40.5,20.9,17.2,19.7,35.3,28.4,15.4,23.2,38.6,15.2,33.5,24.2,20.8,9.9,31.1,40.9,10.8,18.3,28,28.4,42.2,20.5,23.1,36.4,15,14.6,37.8,13.2,16,25.5,17.6,17.4,27,13.4,22.1,16.3,10.6,36.2,20.6,28.5,17.6,11.3
"15",46.4,28.8,25.5,20.9,16.1,36.9,20.1,34.8,35.5,34.3,35.4,17,17.6,44.2,21.6,19.9,30.9,29,27.4,35.5,19,31.7,46.5,23.5,30.7,16.1,38.5,27.5,22.1,45.4,34.1,28.1,22.4,36.5,44,36.8,13.7,71.1,38.5,17.2,36.3,19.1,39.2,21.2,28.2,35.5,26.6,32.4,42.4,14.4,21.9,35.1,36.8,41.5,27.9,29.4,39.1,37,46.2,33.7,31.5,17.1,21.8,47.6,19,43.9,36,19.4,28.2,29.9,19.8,34.4,33.4,22,29.4,30,32.1,25.3,15.7
"16",25.5,22.3,26.8,35.5,16.3,35.2,29.5,24.7,21.4,25.5,31.7,35.7,17.3,34.4,23.2,13.5,28.5,27.9,18,30.2,18.7,27.3,33.9,24.3,24.7,14.8,39.4,26.7,19.4,33.7,13.4,14.7,24.7,29.3,31.3,35.5,14.7,35.5,36.5,12.5,24,17.6,26.6,15.4,21.5,30.2,19.2,17.8,40.7,20.9,10.8,34.4,26.5,17,28.9,20.3,30.8,28.7,38.3,32.5,29.2,27.5,24.1,40.4,16.2,18.3,38,17.3,16.1,41.3,21.8,19.9,16.3,18.9,21.3,21.4,24.6,17.3,10.8
"17",30.9,34.5,47.7,31.3,24.3,55.5,29,33.7,39.2,36.1,22,26.6,31,33.1,27.4,37.5,40.7,57.3,26.7,55.2,27.1,38.5,26,24.3,30.6,31.7,32.4,17.7,24.6,54.7,31.6,22.1,27.5,25.2,32,38.3,30.9,32.1,24.7,32.9,35.5,21.4,64.4,39.9,20.2,61.5,24.4,34.3,68.1,28.5,31.9,38.5,54.9,44.4,23,24.5,30.9,29.2,35,62,54.2,22.1,24.1,43.8,45.1,53.1,43.5,25.8,30.6,61.5,15.8,20.1,33.8,31.7,36.1,25.7,45.1,29.6,30
"18",37,42.5,47.9,44.6,33.2,45.9,32.1,75.4,56,38.7,37.4,41.2,36,56.3,39.2,43.1,44.7,74.3,44.9,51.5,71.5,61.5,55.8,68,51.4,38.9,53.3,49.4,64.9,57.4,44.8,73.9,48.1,50,55.7,41.5,35.3,67.5,50.6,59.9,63.2,50.5,47.4,47.8,44.7,54.5,67.8,52.7,51,49.8,40.9,46.7,38.9,34.5,57.4,64.5,42.7,63.8,43.1,60.1,80.7,65.6,44.6,45.5,35.5,33.4,64.5,55.7,44.5,46.3,51,34.6,52.3,35.3,46.3,55.8,49,40.1,36.6
"19",34.3,26.7,58.7,25.7,16.2,31.2,25.3,56.6,24.2,50.1,28.1,20,29.1,28.5,21.2,36.1,24.2,79.2,21.2,65,26.7,32.9,31.6,24.2,34.1,22.4,27.5,27.6,22.4,60.7,27.6,21.6,67.6,25.3,42.8,70.4,17.7,36,23,18.1,31.6,25.3,40.8,38.9,30.6,66.1,20.6,46,31.6,19.4,17.1,27.8,40.7,31.4,26.7,51.2,26,36,28.5,24.9,40.5,16.3,36.5,28.9,53.6,36.3,30,28.3,45,34.7,23.4,37.2,23.2,25.9,50,37.5,64,35.5,28.5
"20",18.5,21.2,24.7,18.7,12.8,22.7,14.8,24.5,17,24.7,17.4,18.2,18.1,31.2,15.6,21.7,19.3,36.4,20.5,26.9,19.7,19.6,25.2,22.7,26.5,18.8,23.5,21.4,18.2,37.7,18.5,25.6,22.9,18.2,23.5,22.6,20.6,20.2,17.8,27.1,26.8,16.5,30.4,20.1,21.1,25.6,17.2,23.8,32.4,16.4,14.2,26.9,49.3,16.7,12.8,27.5,27,25,22.4,32.5,40.4,18.5,18.5,30.4,14.8,23.4,23,22.2,20.6,39.5,18.1,21.1,20,20.3,29.5,22.6,23.3,28,20.1
"21",26,27,37.3,37.2,20.2,40.2,37.4,38.3,37.9,24.9,31.1,25.5,25.2,29.4,16.7,29.1,40.2,51.8,29.4,45.7,23.3,30.8,32.4,27.4,32.9,23.9,39.1,33.4,31,49,24.4,24.6,25,28.7,27.4,39.8,24,33.5,24.8,22.4,27,23.1,36.7,30.4,28,55.4,27.7,38.3,47.9,23.7,20.9,45.8,40.7,29.2,26,47.7,31.1,31.8,41.4,33.8,41,26.5,30.2,37.8,30.5,30.3,39,22.9,28.1,54,30.4,42.7,26,23.5,34,28.4,35.6,25.1,25.9
"22",28.6,25.5,35,21.8,11.2,34.4,17.2,22.5,21.5,11.3,20.8,10.9,18.4,27.4,13.2,24.5,22.8,25.6,20.3,38.1,15.4,24.7,23.6,16.6,22,15.8,28.5,22.1,15.5,35,11.6,11.4,21.3,28.1,33.5,15.7,14.6,22.4,32.3,18.6,20.9,11.7,19.7,21.6,22.1,25.6,11.1,24.5,42.7,16.1,13.3,28.2,57.4,15.7,15.1,18.2,32,27,20,23.5,38.5,9.5,15.2,29.2,18.8,18.9,29.2,22.4,20.8,40.2,14.4,29.6,14.2,16.3,33.2,22,27.1,20.9,13.8
"23",22.5,36.3,26.7,34,25.5,39.6,26.5,40,32,25.7,41.1,30.6,20.6,47.6,32.2,32.8,39.8,40.2,28.4,35,27.4,37,42.6,31.6,36.3,34.3,42.5,35.7,36.6,36.5,22.8,40.1,28.8,32.7,40,34.5,25.8,33.6,29.6,31.9,32.8,31.7,45.1,25.9,31.2,42.5,34.6,31.4,33.1,20.2,23.4,43.6,37,25.4,31.5,41.1,43.1,28.5,35.4,43.1,38.4,32.8,35.8,30.7,24.8,26.3,37.9,29.6,22.9,48.3,34.8,24.9,27.2,44.5,39,36.2,43.1,33,20
"24",21.3,19.7,34.4,37.2,33.5,39.5,25.3,54.9,25,38.4,24.4,31.8,38,27.7,33.3,32.7,23.3,50.1,30.8,35.1,44.3,42,28.5,39.2,21.6,29,34.4,19.4,28,36.2,36.6,36.3,22.5,27.7,25,36.5,36.1,29,29.4,27.8,28.3,35.2,23.7,33.3,20.6,44.3,32.2,23.2,32.8,33.5,20.2,24.5,39.1,24.2,26.1,19,26.6,27.1,34.8,28.1,25.9,36.6,28.6,30.3,29.3,27.1,28.3,16.7,32.3,27,28,28.1,36,38.6,21.9,34.6,36,31.4,34.6
"25",27.2,39.8,50.1,34.4,23.2,44.1,26.6,42.2,50.5,32,31.3,24,37.5,40.9,25.4,31.6,48.4,59.5,37.6,53.9,33.9,28.8,37.8,33.5,48.1,40.5,46,45.6,29,49.5,25.4,35.5,32.6,38.4,53.9,35.8,32.6,45,50.3,29.8,41,30,45.5,32.8,46.2,60.5,34.6,28.6,47.5,25.6,23.8,51.3,38.6,25.1,37.9,24,52,50,45.8,34.1,47.2,27.5,24.1,45.6,30.9,25.2,44.5,37.5,36.3,45.1,23.2,30.1,32.2,37.3,39,30.5,43.9,42.9,34
"26",54.5,57.5,71.6,50.6,34.6,84,62.9,67.5,46,33.5,54.6,51.2,44.5,57.3,39.4,64.6,65.1,55.3,64.8,49.7,54.5,56.4,62.5,56.5,56.6,35.2,73,51,58.5,62.4,34.1,43.3,40.2,53.5,54.1,39.2,40.3,53.7,40.9,33.8,62.8,42.1,55.8,47.3,56.4,65.2,45.9,50,55.7,38.5,22.2,70,67.7,75.5,33,43.8,65.7,49.5,74.1,53.4,45.8,45.8,50.4,55.6,35.6,82.7,64.2,53.6,55.8,63.5,54.4,57.1,42.5,39.3,45.4,59.6,55,49.5,42.7
"27",20,27.6,64,32.3,24.5,47.5,29.2,36.2,25.3,29.6,27.5,21.6,21.8,31.6,19.5,23.1,44.4,37.2,28.1,40.5,26.2,29.8,32.8,22.4,34.6,24.4,32.6,33.7,26.4,49.2,17.2,18.9,19.7,32,36.4,24,16.1,34.7,30.6,16.6,24.5,19.7,36.8,20.6,37.3,36.1,29.2,45.9,43.2,21.1,16.3,43.8,66.2,21.7,30.2,32.8,25.7,31.8,33.5,35.1,46.7,23.9,28.8,49.2,19.8,26.3,62.6,32.7,22.1,53.1,25.4,43.4,24.6,18,37,25.3,32.9,23.1,21
"28",33.5,30.5,43.4,28.5,20.7,32.8,27.4,49.4,30.8,52.4,26.3,20.4,25.8,39.6,17.6,43.2,32,83.7,34.8,36,25.8,34.3,30.5,28.4,34.8,32.9,36.5,34.1,25.5,35.6,36.1,22.1,31.2,65,37.8,44.5,25,36.3,29.5,22.9,38,22.1,29.2,34.5,37.6,39.5,26.5,38,34.5,23.1,20.6,34.4,68.9,46.2,29.1,36.6,34.4,33.5,32.5,47.6,53.7,23.2,28.1,37.1,24.3,60.5,31,29.3,33.2,35.7,24,36.6,29,23.2,35.6,31.2,46.3,33.3,31.7
"29",16.6,30.8,57.4,34.1,36.6,44.6,20.1,45.1,29.5,29.2,26.9,30.1,33.8,35.1,31,19.5,32.9,30,32.6,31.8,41.5,25.8,27.9,36.6,26.5,27.2,32.5,42.9,40,30.3,23.6,32,16.4,24.6,37.5,31.3,21.9,33.6,24.6,21.5,28.6,28.9,27.9,30.2,35,35,50.2,27.5,29.8,26.6,24.8,31.5,54,24.4,17.9,15.8,26.8,31,37.9,25.8,22,35.3,33.8,45.3,31.2,30.6,34.9,24.9,26,33.5,29.2,25.1,35.6,25.5,21.8,27.6,22.3,23.4,27.3
"30",31.2,30.6,48,41.4,17.2,28,51.9,33.8,31.6,17.2,39.8,10.9,23.2,60.5,9.1,27.7,42.4,30.4,22.2,34.9,20.8,40.9,58.5,28.1,25.7,14,57.5,23.5,33,47.9,15.9,17.4,27.3,40.1,38.8,24,21.8,39.5,47.1,24.2,30.2,23,43.2,20.4,24.8,40.2,39,20.5,39.6,14.3,16.5,38.4,44.6,25.5,45.4,19.2,34.8,30,55,33.5,26.7,39.4,28.5,43,22.8,14.9,35.5,19.6,28.1,38.6,25,30.9,18,13.2,18.6,24.6,35.5,17.4,28.5
"31",45.7,58.5,95.3,60.1,41.6,91.8,42.4,69.9,46,27.2,53.7,37.4,34.4,73.6,29.4,51.9,61.3,62.1,54.2,76,55.6,51,59,62,56.7,19.1,61.1,68.8,65.4,64.9,24.6,58.5,54.1,58.2,63.4,20.5,20.9,69.3,49.8,27.1,54,48.6,69.8,46.6,60.7,81.4,50.4,48.8,79.1,26.5,27.9,61.8,91.1,53,52,35,56.8,74.2,60.1,80,78.9,51,60,76.3,34.6,53.3,86.4,56.5,50.4,44.5,55.7,57.8,26.1,19.8,63.2,46.5,47.5,48.2,35.1
"32",29.6,14.5,49.2,15.5,47.5,45.7,17.8,35.4,41.1,62.3,20.1,46.1,38.5,25,55.4,31,45.2,63.5,17.3,60.6,39.7,21.5,23.8,24.1,32.6,55.5,22,28.5,26.5,79.5,53.1,36.7,42,37,37.9,55,46.7,32.4,23.4,45.2,37.8,36.1,61.1,35.4,17.5,46.8,32.1,60.7,105.5,50,56.6,51.8,64.2,26.5,36.6,42,45.8,32.8,27.4,32.5,62.1,36.2,14.2,27,35.3,29.5,48.8,26,30.8,89.2,13.4,22.3,51,52,61.5,22.2,43,22.1,28.8
"33",23.2,21.8,24.9,16.5,19.6,86.3,25.4,15.4,37,27,8.8,24,19.8,19,18.6,29.8,33.2,32.7,21.3,36.4,17.8,24.8,13.7,15.8,18.2,17.1,14.8,27,17,43.1,13.6,17.3,27.7,24.6,25.2,25.5,17.8,21,25.6,16.7,30.9,15.2,35.5,19.5,15.7,39.3,19.5,23,54,18.8,15.3,30.9,63.4,30.8,43.5,21.6,27.2,21.6,18.5,16.7,43.4,20,23.1,18.7,34.3,40.6,29.5,22.1,22.2,39.3,23,23.7,15.7,20.5,43.4,20.6,23.3,40.7,17.6
"34",86.7,60,41.5,30.3,121.5,54.1,24.3,70.2,92,74.4,64.1,82.9,63.5,65.3,104.8,85.4,60.4,58.1,85.5,53.1,92.2,61.5,53,128.6,57.5,96.7,54.3,51.5,122.6,70.8,75.3,104.5,97.7,89.5,48.2,50,68.7,83.4,61.7,69.1,92,112.6,31,86.9,74,59.1,103.7,21.4,81.4,96.8,76.3,69.9,125.2,99.8,75.8,20.6,39.6,77.9,45,98.2,39.7,93.8,96,56.9,136,94.9,58.7,77.3,89.5,45.6,117.4,34.3,106.8,82.8,30.6,97.5,55.2,75.7,59.2
"35",43,55.1,45.9,53.4,44.6,73.3,38.2,53.3,37.7,43.8,45.3,39.1,51.6,55,37.3,48.8,49.2,56.6,46.8,49.4,47.5,58.1,45.4,73.6,40.2,51.9,47.8,53.2,44.6,57,42.3,49,37.3,57.5,50.8,46.2,41.8,51.5,27.5,43.2,39.7,54.2,42.9,48.1,53.3,53.6,53.2,39.1,55.8,39,28.6,51.3,99.2,44.5,34.4,42,43.4,57.8,48.3,46.8,67,49.8,51.9,47.6,41,48.1,69.6,48.4,50.7,59.4,51.6,30.6,41,43.1,51.8,68.4,45.6,42.6,50.9
"36",23.4,20.1,39.2,23.5,16.1,42.6,24.7,29.9,30.4,15,24.8,14.5,17.6,45.3,17.6,20.5,41.8,45.4,25.2,37.1,13.6,21.3,33.8,18,31,15.5,38.8,36.4,16,60.7,15.5,17.5,26.2,28.7,40,18.1,14.3,28.6,41,13.2,35.5,13.3,59.9,22.6,27.1,46.6,26.6,28,44.2,16,14.5,49.5,60,22.1,29.2,42.7,75.1,27.7,35.9,41.9,49.7,14.3,23.5,45.4,18.3,26.1,47.4,24.1,25.3,52.7,19.4,28.6,14.8,14.9,67.5,23.3,28.4,24.2,21.1
"37",14,12.5,38.5,15.1,13.4,27.6,21.2,21.6,32,18.3,14.8,15.9,13.2,23.5,23,12.4,33.6,38.8,17.1,31.5,15.6,14.4,24.6,11,22.2,18.5,26.8,17.7,12.6,40,15,13.8,22.3,21.5,27,19,18.5,15.9,22.2,21.7,15.2,14.7,38.9,13,17.6,38.1,20.2,27.2,45.4,14.8,15.6,33.4,64.2,24.2,24.8,30.5,25.2,20.2,28.5,25.8,34.4,14.8,18.6,21.5,17.8,21.1,33.5,19.6,17.1,36.5,12.7,28.5,13.9,27.8,28.5,16.4,22.7,17.2,16.1
"38",14.8,21.5,40.8,30.8,15,31.1,29.4,22.1,14.6,25,29.9,23.6,17,29.3,22.7,19.8,26.7,21.2,26.5,23,21,23.9,19.2,24.5,23.7,22.4,33.2,27,16.5,24.2,18.7,24,12.4,16.1,21.6,37.2,29.4,16.5,15.2,22.5,14.5,13.7,30.5,18.1,19.4,31.6,16.2,22,20.4,18.5,19.2,24.7,70.4,27.2,15.7,23.3,22.1,14,40.1,23.6,30.2,21.8,25.9,31.3,29.5,22.7,29.4,13.3,16.3,30.2,18.9,32.8,22.6,24,26.5,30.8,15.1,16.8,12.4
"39",53,65,116.8,54.5,39,112.7,54.9,93.3,45,33.8,56.7,27.6,40.9,96,29.1,72.5,78.7,77.9,68.4,73.8,32,62.5,79.1,41.3,74,35.2,88.8,75.8,51.9,98.6,38.9,45.8,94.3,49,70.9,42.1,33.5,49,47.2,32.9,71.9,35.6,100.1,65.4,96.8,87.8,33.7,130,81.3,35.4,28.4,99.7,118.8,87.4,43,54,75.6,64.2,84.4,90.2,110.7,31.5,44.5,101.4,45,61.8,105.5,91.2,100.1,160.5,42.3,82.7,31.7,32.5,201.5,59.2,63.1,94.2,59.4
"40",51.6,28.6,55.5,24.2,19.1,38.2,57,25.4,20.8,25.9,38.6,22.8,24.7,37.1,14.7,35,25.9,44.6,30.2,28.1,19.7,36,37,24.4,30.8,27.5,36.2,33.7,43.6,40,27.1,33.5,29.6,16.3,23.9,23.3,20.9,27.4,16.3,20.8,28.6,19.3,37.7,26.6,23.9,40.2,36.3,32,35.3,17,24.6,29.2,64.8,31,19.2,25.9,22.7,18.9,35.7,47.9,45.8,31.6,39.8,46.4,23.1,36,37.6,31.5,23.9,39.7,41,34.9,24.6,22.5,31.5,31.9,18.7,35.8,31.2
"41",23.4,44,25.8,38.4,25.5,24.6,31.5,35.2,26.1,33.1,32.1,21.1,21.7,30.6,22.6,37.3,29.7,44.1,26.4,115.3,25.7,32.2,42,33.2,25.2,23.9,30.5,31,24.9,46.1,26,30.9,40.5,46.2,50.2,35.7,22.7,32.3,23.5,26.4,34,26.4,29.5,35.7,29.7,37,25.5,22,39.7,25.1,27.1,36.8,92,26,26.2,33,26.1,27.9,31.6,36.3,39.6,22.2,29.5,35.4,28.6,26.5,29.7,30.2,26.7,45.1,37.5,27.2,26.1,21.5,30.4,37.3,32.8,33.8,25.6
"42",24.7,30.5,60.2,37.7,32.4,47.9,33.3,38,23.4,34.5,29.7,32.8,45.7,36.8,32,38.8,38.8,85.3,41.2,77.6,33.6,35.6,29.3,29.5,38.8,45.3,38.3,44.8,39,63.1,40.3,29.5,58.5,69.9,53,30.3,42.3,67.1,43.2,37.9,36.3,30.8,42.5,34.1,44.3,57.4,49.2,56.3,81.7,36.6,31.5,39.3,107.1,22.8,41,75,52.3,67.8,39.6,39.1,99.6,40.6,25.2,48.8,24.7,27.7,42.3,48.8,48,40.9,27,47.1,67.7,31.4,61,36.7,63.4,48.7,44.9
"43",18.4,23.6,29.1,19,21.9,24.7,17,23.1,26.5,16.1,23.1,41.7,14.7,25.2,22.6,14,23.6,22,17.3,29.5,31.3,25.5,38.4,24.8,20.5,23.7,24.9,20.2,49.2,44.1,18.5,17.7,22.2,23,25.3,19.4,28.5,27.2,23.5,16.8,18.2,18,29.4,12.9,30.7,37.9,22,17.6,29,17.6,20.3,29.8,55.3,14.4,25,23.6,25.5,26.3,17.3,24.9,32.6,16,22.8,28.5,12.5,18.6,27.7,20.5,15.4,52.4,27,17.5,14.7,20.8,48.6,15.8,26.2,38.1,14.9
"44",41.4,30.3,33.3,28.8,29.6,41.5,24.9,37.2,36,34.5,28.8,30.4,43.1,40,24.3,28.5,30.8,34.8,30.2,35.6,24.4,33.8,33.5,40.1,27.5,28.2,40.3,31.1,35.4,40.1,40,28,29.4,35.8,30.2,26.3,32.9,39.9,38.6,24.5,35.3,39.1,32.4,28,31.9,35.1,34.2,35.2,38.5,29.2,27.2,33.2,46.1,23,32.2,37.7,35,31.8,59.9,37.7,35.6,26.1,30.6,48.4,24.4,20.9,41,41.7,42.2,81.3,35.7,31,29.1,25.2,30.4,36.6,34.7,52,30.2
"45",24.4,42.6,35.1,21.2,27.2,27.2,33.9,32.6,44.8,15.9,19.5,22.7,22.6,28,21.5,35.5,24.8,31.8,34.5,32.3,31.5,18.7,25.8,27.5,23.9,18.3,21.7,28.5,36.8,27.2,29.5,22.9,26,32,19.5,23.1,22.5,28.7,32,19.4,45.5,26,22.4,22.7,31.5,33.5,90.4,18.8,32.7,21.9,20.6,26.4,66.8,36.4,34.5,23,25.8,33.7,29.4,27.6,43,24.7,16.9,37.1,22.2,22.9,36.7,30,32.6,48.4,21.7,21.5,22.8,18.6,36.9,33.9,33.8,33.7,24.8
"46",43.8,35.7,40,30.8,44.8,45.3,50.2,49.3,56,51.1,35.1,47.2,52.4,51.6,41.8,50,45.6,49.3,53.1,47.1,40.6,42,42.3,37.3,46.4,52.9,45,37.5,37.2,56.5,55,40.3,44.1,38.1,42.2,62.1,46,45.4,40.2,36.5,44.6,41.2,38.8,52.4,35.5,57.3,49,34.7,48.3,48.5,49.7,50.8,103.5,55.1,36.5,45.1,42.5,45.2,45.8,41.9,65.5,40,34.7,36.1,52.3,63.1,49.4,32,42.3,47.6,39.6,32.2,49.5,43.4,43.8,42.2,42.6,48.7,51.2
"47",40.6,43.1,48.5,28.5,21,39.3,37.7,36.3,48,27.2,34.5,19.8,26.7,37.8,16.2,27.7,44.6,51.3,29.3,43.2,30.6,52.9,37.5,24,33.8,27.4,31.1,60.9,22.1,42.6,23,21.3,58.5,37.6,36.2,25.6,24.5,52.1,59.9,25.8,51.7,21.8,41,28.4,36.5,52.1,22,47.8,35.5,21.5,24.4,46,100,44.3,57.5,30,39.1,44.2,25.6,37.5,39.9,23.8,35.7,30.1,36.3,43.6,49.9,36,37.8,37.2,30.3,25.8,24.7,25,43.4,27.1,46.1,31.9,28.8
